Measurement report of dcv_sheet,,,
Generated by DesCoVer 2.6.0,,,
Date,2016-05-24 03:24:23 -0500,Author,b48923
,,,
,,,
Testbench: LIB: emc_esd_tools - CELL: RBE_tb_nearfieldsensor - VIEW: schematic - Tue May 24 03:25:14 CDT 2016,,,
,,,
,,,
Setup: Parameters or device casing alteration,,,
Err:510,,,
V_charge=-480 trigger=5n ,,,
,,,
,,,
time,sensor_in,sensor_out,
0.0000000000000000,0.0000000000000000,0.0000000000000000,
0.0000000001000000,0.0000000000000140,0.0000000000000084,
0.0000000002000000,0.0000000000000167,0.0000000000000168,
0.0000000007000000,0.0000000000000100,0.0000000000000061,
0.0000000012000000,0.0000000000000039,0.0000000000000043,
0.0000000031000000,-0.0000000000000023,-0.0000000000000014,
0.0000000050000000,-0.0000000000000033,-0.0000000000000022,
0.0000000050080000,-0.6633000000000000,-0.4253000000000000,
0.0000000050090000,-0.7482000000000000,-0.4754000000000000,
0.0000000050100000,-0.8313000000000000,-0.5254000000000000,
0.0000000050130000,-1.0440000000000000,-0.6496000000000000,
0.0000000050160000,-1.2630000000000000,-0.7723000000000000,
0.0000000050190000,-1.4980000000000000,-0.8921000000000000,
0.0000000050240000,-1.8020000000000000,-1.0240000000000000,
0.0000000050290000,-2.0880000000000000,-1.0740000000000000,
0.0000000050340000,-2.3120000000000000,-0.9472000000000000,
0.0000000050380000,-2.5010000000000000,-0.8784000000000000,
0.0000000050430000,-2.7140000000000000,-0.7944000000000000,
0.0000000050470000,-2.8830000000000000,-0.7594000000000000,
0.0000000050530000,-3.0910000000000000,-0.6698000000000000,
0.0000000050600000,-3.2770000000000000,-0.4804000000000000,
0.0000000050650000,-3.4130000000000000,-0.1430000000000000,
0.0000000050690000,-3.5210000000000000,-0.0275200000000000,
0.0000000050730000,-3.6070000000000000,-0.0035300000000000,
0.0000000050770000,-3.6780000000000000,-0.0114500000000000,
0.0000000050800000,-3.7430000000000000,0.0000570900000000,
0.0000000050800000,-3.7500000000000000,-0.0046350000000000,
0.0000000050810000,-3.7560000000000000,-0.0050010000000000,
0.0000000050830000,-3.7880000000000000,-0.0048330000000000,
0.0000000050840000,-3.8180000000000000,-0.0045330000000000,
0.0000000050880000,-3.8740000000000000,-0.0042700000000000,
0.0000000050930000,-3.9550000000000000,-0.0033730000000000,
0.0000000051000000,-4.0360000000000000,-0.0024000000000000,
0.0000000051070000,-4.1180000000000000,-0.0014500000000000,
0.0000000051170000,-4.2000000000000000,-0.0010360000000000,
0.0000000051280000,-4.2810000000000000,-0.0004671000000000,
0.0000000051430000,-4.3550000000000000,0.0000806200000000,
0.0000000051610000,-4.4160000000000000,0.0008012000000000,
0.0000000051840000,-4.4580000000000000,0.0008915000000000,
0.0000000052120000,-4.4740000000000000,0.0008886000000000,
0.0000000052390000,-4.4700000000000000,0.0010210000000000,
0.0000000052680000,-4.4530000000000000,0.0011980000000000,
0.0000000053010000,-4.4250000000000000,0.0012090000000000,
0.0000000053380000,-4.3900000000000000,0.0013350000000000,
0.0000000053800000,-4.3490000000000000,0.0013100000000000,
0.0000000054350000,-4.2960000000000000,0.0013700000000000,
0.0000000055090000,-4.2260000000000000,0.0012660000000000,
0.0000000055840000,-4.1610000000000000,0.0012790000000000,
0.0000000056680000,-4.0940000000000000,0.0011720000000000,
0.0000000057670000,-4.0200000000000000,0.0011650000000000,
0.0000000058850000,-3.9400000000000000,0.0011140000000000,
0.0000000060140000,-3.8610000000000000,0.0010210000000000,
0.0000000061670000,-3.7760000000000000,0.0009675000000000,
0.0000000063570000,-3.6820000000000000,0.0008067000000000,
0.0000000065790000,-3.5840000000000000,0.0007042000000000,
0.0000000068380000,-3.4810000000000000,0.0004840000000000,
0.0000000071430000,-3.3720000000000000,0.0003471000000000,
0.0000000074950000,-3.2570000000000000,0.0001171000000000,
0.0000000078960000,-3.1350000000000000,0.0000224900000000,
0.0000000083680000,-2.9970000000000000,-0.0001360000000000,
0.0000000089410000,-2.8370000000000000,-0.0001495000000000,
0.0000000096340000,-2.6480000000000000,-0.0002331000000000,
0.0000000104600000,-2.4290000000000000,-0.0001921000000000,
0.0000000114500000,-2.1750000000000000,-0.0002446000000000,
0.0000000126400000,-1.8780000000000000,-0.0001912000000000,
0.0000000140900000,-1.5280000000000000,-0.0002380000000000,
0.0000000159000000,-1.1150000000000000,-0.0001796000000000,
0.0000000181500000,-0.6364000000000000,-0.0002080000000000,
0.0000000195800000,-0.3553000000000000,-0.0001036000000000,
0.0000000203500000,-0.2136000000000000,0.0000113700000000,
0.0000000208200000,-0.1326000000000000,0.0005711000000000,
0.0000000212900000,-0.0605100000000000,0.0015920000000000,
0.0000000216600000,-0.0133600000000000,0.0038810000000000,
0.0000000220600000,0.0257100000000000,0.0080310000000000,
0.0000000223200000,0.0447500000000000,0.0138600000000000,
0.0000000226600000,0.0601100000000000,0.0227600000000000,
0.0000000230300000,0.0630300000000000,0.0355200000000000,
0.0000000234200000,0.0502000000000000,0.0318700000000000,
0.0000000236700000,0.0343100000000000,0.0218200000000000,
0.0000000240100000,0.0091680000000000,0.0068830000000000,
0.0000000243900000,-0.0176000000000000,-0.0113400000000000,
0.0000000248300000,-0.0376000000000000,-0.0227200000000000,
0.0000000252600000,-0.0411400000000000,-0.0246500000000000,
0.0000000256500000,-0.0316600000000000,-0.0169700000000000,
0.0000000260500000,-0.0146800000000000,-0.0071400000000000,
0.0000000264800000,0.0054260000000000,0.0017300000000000,
0.0000000265900000,0.0102500000000000,0.0039440000000000,
0.0000000266600000,0.0130900000000000,0.0052680000000000,
0.0000000267300000,0.0157500000000000,0.0066360000000000,
0.0000000270200000,0.0246100000000000,0.0117600000000000,
0.0000000274200000,0.0292600000000000,0.0169900000000000,
0.0000000279000000,0.0233000000000000,0.0139900000000000,
0.0000000283700000,0.0090380000000000,0.0063550000000000,
0.0000000288700000,-0.0078090000000000,-0.0049110000000000,
0.0000000294200000,-0.0186800000000000,-0.0108100000000000,
0.0000000299400000,-0.0180400000000000,-0.0109300000000000,
0.0000000304600000,-0.0089320000000000,-0.0048610000000000,
0.0000000310100000,0.0036850000000000,0.0013120000000000,
0.0000000316200000,0.0131700000000000,0.0076200000000000,
0.0000000322600000,0.0131000000000000,0.0075390000000000,
0.0000000328700000,0.0048310000000000,0.0034390000000000,
0.0000000335100000,-0.0051870000000000,-0.0033250000000000,
0.0000000342300000,-0.0098400000000000,-0.0055080000000000,
0.0000000349200000,-0.0057750000000000,-0.0037730000000000,
0.0000000356000000,0.0020840000000000,0.0013260000000000,
0.0000000363700000,0.0074110000000000,0.0039400000000000,
0.0000000371700000,0.0052580000000000,0.0035570000000000,
0.0000000379500000,-0.0010970000000000,-0.0008985000000000,
0.0000000388200000,-0.0050820000000000,-0.0026860000000000,
0.0000000397300000,-0.0024120000000000,-0.0018120000000000,
0.0000000406200000,0.0026440000000000,0.0017840000000000,
0.0000000416400000,0.0039270000000000,0.0020320000000000,
0.0000000426700000,0.0000778900000000,0.0004305000000000,
0.0000000437300000,-0.0027710000000000,-0.0019790000000000,
0.0000000449600000,-0.0005075000000000,-0.0000148400000000,
0.0000000461400000,0.0024100000000000,0.0010670000000000,
0.0000000475300000,0.0009648000000000,0.0009597000000000,
0.0000000488900000,-0.0015610000000000,-0.0012740000000000,
0.0000000504600000,-0.0001193000000000,0.0002494000000000,
0.0000000520500000,0.0016530000000000,0.0006341000000000,
0.0000000539000000,-0.0002204000000000,0.0002478000000000,
0.0000000550000000,-0.0009831000000000,-0.0009497000000000,
0.0000000550100000,-0.0009798000000000,-0.0002390000000000,
0.0000000550100000,-0.0009793000000000,-0.0008783000000000,
0.0000000550100000,-0.0009771000000000,-0.0002970000000000,
0.0000000550200000,-0.0009742000000000,-0.0008753000000000,
0.0000000550300000,-0.0009690000000000,-0.0005838000000000,
0.0000000550500000,-0.0009622000000000,-0.0005802000000000,
0.0000000550500000,-0.0009611000000000,-0.0005797000000000,
0.0000000550500000,-0.0009579000000000,-0.0005780000000000,
0.0000000550600000,-0.0009546000000000,-0.0005762000000000,
0.0000000550800000,-0.0009430000000000,-0.0005698000000000,
0.0000000550800000,-0.0009426000000000,-0.0005696000000000,
0.0000000550800000,-0.0009404000000000,-0.0005682000000000,
0.0000000550900000,-0.0009348000000000,-0.0005654000000000,
0.0000000551000000,-0.0009308000000000,-0.0005629000000000,
0.0000000551100000,-0.0009259000000000,-0.0005604000000000,
0.0000000551200000,-0.0009197000000000,-0.0005568000000000,
0.0000000551300000,-0.0009118000000000,-0.0005525000000000,
0.0000000551400000,-0.0009014000000000,-0.0005465000000000,
0.0000000551600000,-0.0008877000000000,-0.0005389000000000,
0.0000000551800000,-0.0008693000000000,-0.0005283000000000,
0.0000000552100000,-0.0008463000000000,-0.0005153000000000,
0.0000000552400000,-0.0008220000000000,-0.0005013000000000,
0.0000000553700000,-0.0006818000000000,-0.0004203000000000,
0.0000000556600000,-0.0003026000000000,-0.0001959000000000,
0.0000000562700000,0.0002788000000000,0.0001556000000000,
0.0000000565800000,0.0004831000000000,0.0002814000000000,
0.0000000581200000,0.0003801000000000,0.0002296000000000,
0.0000000601100000,0.0000648900000000,0.0000441700000000,
0.0000000634000000,0.0001053000000000,0.0000650400000000,
0.0000000683700000,0.0001621000000000,0.0000997300000000,
0.0000000752600000,0.0001144000000000,0.0000713500000000,
0.0000000764800000,0.0001072000000000,0.0000672000000000,
0.0000000767300000,0.0001062000000000,0.0000663700000000,
0.0000000779800000,0.0001052000000000,0.0000658900000000,
0.0000000842300000,0.0000950400000000,0.0000597000000000,
0.0000000992300000,0.0000660900000000,0.0000422000000000,
0.0000001050000000,0.0000628000000000,0.0000399400000000,
0.0000001050000000,0.0021560000000000,0.0015670000000000,
0.0000001050000000,0.0065550000000000,0.0047200000000000,
0.0000001050000000,0.0081570000000000,0.0058630000000000,
0.0000001050000000,0.0099840000000000,0.0071630000000000,
0.0000001050000000,0.0126200000000000,0.0090290000000000,
0.0000001050000000,0.0156100000000000,0.0111300000000000,
0.0000001050000000,0.0198900000000000,0.0141300000000000,
0.0000001050000000,0.0247100000000000,0.0175000000000000,
0.0000001050000000,0.0315900000000000,0.0222700000000000,
0.0000001050000000,0.0393000000000000,0.0276000000000000,
0.0000001050000000,0.0502400000000000,0.0351300000000000,
0.0000001050000000,0.0624700000000000,0.0435200000000000,
0.0000001050000000,0.0797500000000000,0.0553200000000000,
0.0000001050000000,0.0990100000000000,0.0684200000000000,
0.0000001050000000,0.1052000000000000,0.0726400000000000,
0.0000001050000000,0.1116000000000000,0.0769900000000000,
0.0000001050000000,0.1199000000000000,0.0826200000000000,
0.0000001050000000,0.1285000000000000,0.0884400000000000,
0.0000001050000000,0.1397000000000000,0.0960300000000000,
0.0000001050000000,0.1514000000000000,0.1039000000000000,
0.0000001050000000,0.1667000000000000,0.1142000000000000,
0.0000001050000000,0.1827000000000000,0.1250000000000000,
0.0000001050000000,0.2039000000000000,0.1392000000000000,
0.0000001050000000,0.2261000000000000,0.1542000000000000,
0.0000001050000000,0.2425000000000000,0.1651000000000000,
0.0000001050000000,0.2594000000000000,0.1765000000000000,
0.0000001050000000,0.2954000000000000,0.2006000000000000,
0.0000001050000000,0.3704000000000000,0.2507000000000000,
0.0000001050000000,0.5062000000000000,0.3400000000000000,
0.0000001050000000,0.7158000000000000,0.4770000000000000,
0.0000001050000000,0.7388000000000000,0.4923000000000000,
0.0000001050000000,0.8533000000000000,0.5668000000000000,
0.0000001050000000,1.1580000000000000,0.7669000000000000,
0.0000001050000000,1.5160000000000000,1.0070000000000000,
0.0000001050000000,2.0910000000000000,1.4090000000000000,
0.0000001050000000,2.5400000000000000,1.7490000000000000,
0.0000001051000000,2.9060000000000000,2.0390000000000000,
0.0000001051000000,3.1610000000000000,2.2530000000000000,
0.0000001051000000,3.4410000000000000,2.4920000000000000,
0.0000001051000000,3.7020000000000000,2.7260000000000000,
0.0000001051000000,3.8600000000000000,2.8700000000000000,
0.0000001051000000,3.8820000000000000,2.8920000000000000,
0.0000001051000000,3.9830000000000000,2.9860000000000000,
0.0000001051000000,4.1330000000000000,3.1320000000000000,
0.0000001051000000,4.2180000000000000,3.2130000000000000,
0.0000001051000000,4.3480000000000000,3.3430000000000000,
0.0000001051000000,4.3630000000000000,3.3570000000000000,
0.0000001051000000,4.4390000000000000,3.4350000000000000,
0.0000001051000000,4.5160000000000000,3.5120000000000000,
0.0000001051000000,4.6550000000000000,3.6590000000000000,
0.0000001051000000,4.6760000000000000,3.6800000000000000,
0.0000001051000000,4.7740000000000000,3.7900000000000000,
0.0000001051000000,4.8420000000000000,3.8610000000000000,
0.0000001051000000,5.0050000000000000,4.0440000000000000,
0.0000001052000000,5.1420000000000000,4.1990000000000000,
0.0000001052000000,5.1470000000000000,4.2060000000000000,
0.0000001052000000,5.1700000000000000,4.2320000000000000,
0.0000001052000000,5.2110000000000000,4.2880000000000000,
0.0000001052000000,5.2430000000000000,4.3320000000000000,
0.0000001052000000,5.2500000000000000,4.3440000000000000,
0.0000001052000000,5.2660000000000000,4.3660000000000000,
0.0000001052000000,5.2770000000000000,4.3850000000000000,
0.0000001052000000,5.2850000000000000,4.3980000000000000,
0.0000001052000000,5.2910000000000000,4.4140000000000000,
0.0000001052000000,5.2910000000000000,4.4170000000000000,
0.0000001052000000,5.2870000000000000,4.4190000000000000,
0.0000001052000000,5.2720000000000000,4.4110000000000000,
0.0000001053000000,5.2480000000000000,4.3950000000000000,
0.0000001053000000,5.2240000000000000,4.3740000000000000,
0.0000001053000000,5.1890000000000000,4.3460000000000000,
0.0000001053000000,5.1170000000000000,4.2810000000000000,
0.0000001053000000,5.0420000000000000,4.2110000000000000,
0.0000001053000000,4.9230000000000000,4.0960000000000000,
0.0000001054000000,4.7790000000000000,3.9550000000000000,
0.0000001054000000,4.7340000000000000,3.9090000000000000,
0.0000001054000000,4.4930000000000000,3.6720000000000000,
0.0000001055000000,4.1530000000000000,3.3300000000000000,
0.0000001055000000,3.6550000000000000,2.8380000000000000,
0.0000001056000000,3.1060000000000000,2.2990000000000000,
0.0000001057000000,2.7690000000000000,1.9760000000000000,
0.0000001057000000,2.6890000000000000,1.8980000000000000,
0.0000001057000000,2.6080000000000000,1.6720000000000000,
0.0000001057000000,2.5050000000000000,0.0004308000000000,
0.0000001057000000,2.4150000000000000,0.6921000000000000,
0.0000001057000000,2.3050000000000000,0.5162000000000000,
0.0000001057000000,2.2120000000000000,0.6730000000000000,
0.0000001057000000,2.0950000000000000,0.5398000000000000,
0.0000001058000000,1.9900000000000000,0.5460000000000000,
0.0000001058000000,1.8620000000000000,0.4293000000000000,
0.0000001058000000,1.7420000000000000,0.3626000000000000,
0.0000001058000000,1.6250000000000000,0.2831000000000000,
0.0000001058000000,1.5010000000000000,0.2275000000000000,
0.0000001058000000,1.3590000000000000,0.4867000000000000,
0.0000001059000000,1.2610000000000000,0.5282000000000000,
0.0000001059000000,1.1420000000000000,0.4961000000000000,
0.0000001059000000,1.0540000000000000,0.4109000000000000,
0.0000001059000000,0.9599000000000000,0.3909000000000000,
0.0000001059000000,0.8321000000000000,0.2456000000000000,
0.0000001059000000,0.6633000000000000,0.1391000000000000,
0.0000001060000000,0.5064000000000000,-0.0362100000000000,
0.0000001060000000,0.2959000000000000,-0.1799000000000000,
0.0000001060000000,0.1055000000000000,-0.3793000000000000,
0.0000001060000000,-0.0814000000000000,-0.5015000000000000,
0.0000001061000000,-0.3082000000000000,-0.7253000000000000,
0.0000001061000000,-0.5264000000000000,-0.8699000000000000,
0.0000001061000000,-0.7637000000000000,-1.0880000000000000,
0.0000001062000000,-0.9455000000000000,-1.1960000000000000,
0.0000001062000000,-1.0820000000000000,-1.3360000000000000,
0.0000001062000000,-1.2160000000000000,-1.4070000000000000,
0.0000001062000000,-1.3230000000000000,-1.5210000000000000,
0.0000001062000000,-1.4320000000000000,-1.5760000000000000,
0.0000001063000000,-1.5230000000000000,-1.6740000000000000,
0.0000001063000000,-1.6110000000000000,-1.7130000000000000,
0.0000001063000000,-1.7000000000000000,-1.8070000000000000,
0.0000001063000000,-1.7950000000000000,-1.8530000000000000,
0.0000001063000000,-1.9050000000000000,-1.9590000000000000,
0.0000001063000000,-2.0170000000000000,-2.0180000000000000,
0.0000001064000000,-2.1450000000000000,-2.1330000000000000,
0.0000001064000000,-2.2590000000000000,-2.1920000000000000,
0.0000001064000000,-2.3800000000000000,-2.2940000000000000,
0.0000001065000000,-2.4980000000000000,-2.3440000000000000,
0.0000001065000000,-2.6070000000000000,-2.4240000000000000,
0.0000001065000000,-2.7030000000000000,-2.4610000000000000,
0.0000001065000000,-2.8030000000000000,-2.5300000000000000,
0.0000001066000000,-2.9040000000000000,-2.5670000000000000,
0.0000001066000000,-2.9900000000000000,-2.6220000000000000,
0.0000001066000000,-3.0570000000000000,-2.6370000000000000,
0.0000001066000000,-3.1140000000000000,-2.6740000000000000,
0.0000001067000000,-3.1690000000000000,-2.6810000000000000,
0.0000001067000000,-3.2100000000000000,-2.7070000000000000,
0.0000001067000000,-3.2490000000000000,-2.7060000000000000,
0.0000001067000000,-3.2760000000000000,-2.7240000000000000,
0.0000001067000000,-3.2960000000000000,-2.7130000000000000,
0.0000001068000000,-3.3140000000000000,-2.7190000000000000,
0.0000001068000000,-3.3290000000000000,-2.7090000000000000,
0.0000001068000000,-3.3430000000000000,-2.7120000000000000,
0.0000001068000000,-3.3590000000000000,-2.6970000000000000,
0.0000001068000000,-3.3730000000000000,-2.6850000000000000,
0.0000001068000000,-3.3840000000000000,-2.6530000000000000,
0.0000001069000000,-3.3890000000000000,-2.6190000000000000,
0.0000001069000000,-3.3920000000000000,-2.5460000000000000,
0.0000001069000000,-3.3900000000000000,-2.3930000000000000,
0.0000001069000000,-3.3830000000000000,-2.0830000000000000,
0.0000001070000000,-3.3740000000000000,-2.0770000000000000,
0.0000001070000000,-3.3630000000000000,-1.9350000000000000,
0.0000001070000000,-3.3500000000000000,-1.9420000000000000,
0.0000001070000000,-3.3340000000000000,-1.7420000000000000,
0.0000001071000000,-3.3170000000000000,-1.6580000000000000,
0.0000001071000000,-3.3000000000000000,-1.4440000000000000,
0.0000001071000000,-3.2830000000000000,-1.3930000000000000,
0.0000001071000000,-3.2650000000000000,-1.2310000000000000,
0.0000001071000000,-3.2440000000000000,-1.1710000000000000,
0.0000001072000000,-3.2230000000000000,-1.0240000000000000,
0.0000001072000000,-3.2010000000000000,-0.9567000000000000,
0.0000001072000000,-3.1760000000000000,-0.7969000000000000,
0.0000001072000000,-3.1500000000000000,-0.5061000000000000,
0.0000001073000000,-3.1180000000000000,-0.2178000000000000,
0.0000001073000000,-3.0870000000000000,0.0821800000000000,
0.0000001073000000,-3.0580000000000000,-0.0374700000000000,
0.0000001074000000,-3.0320000000000000,0.0085890000000000,
0.0000001074000000,-3.0060000000000000,0.0105800000000000,
0.0000001074000000,-2.9800000000000000,-0.0185800000000000,
0.0000001075000000,-2.9500000000000000,0.0263300000000000,
0.0000001075000000,-2.9240000000000000,-0.0279300000000000,
0.0000001076000000,-2.8850000000000000,0.0320800000000000,
0.0000001077000000,-2.8380000000000000,-0.0309300000000000,
0.0000001077000000,-2.7830000000000000,0.0339200000000000,
0.0000001079000000,-2.7190000000000000,-0.0323700000000000,
0.0000001080000000,-2.6510000000000000,0.0347900000000000,
0.0000001081000000,-2.5730000000000000,-0.0333400000000000,
0.0000001083000000,-2.4930000000000000,0.0352200000000000,
0.0000001085000000,-2.4040000000000000,-0.0341300000000000,
0.0000001088000000,-2.3040000000000000,0.0353400000000000,
0.0000001091000000,-2.1930000000000000,-0.0348000000000000,
0.0000001094000000,-2.0710000000000000,0.0353000000000000,
0.0000001098000000,-1.9380000000000000,-0.0353200000000000,
0.0000001103000000,-1.7900000000000000,0.0352800000000000,
0.0000001109000000,-1.6250000000000000,-0.0356000000000000,
0.0000001115000000,-1.4400000000000000,0.0353200000000000,
0.0000001117000000,-1.3910000000000000,-0.0358400000000000,
0.0000001118000000,-1.3430000000000000,0.0355900000000000,
0.0000001122000000,-1.2390000000000000,-0.0360000000000000,
0.0000001125000000,-1.1480000000000000,0.0356800000000000,
0.0000001130000000,-1.0210000000000000,-0.0360800000000000,
0.0000001136000000,-0.8559000000000000,0.0357400000000000,
0.0000001144000000,-0.6576000000000000,-0.0360900000000000,
0.0000001154000000,-0.4067000000000000,0.0358400000000000,
0.0000001166000000,-0.1231000000000000,-0.0356000000000000,
0.0000001176000000,0.0512500000000000,0.0480900000000000,
0.0000001184000000,0.0979500000000000,0.0173600000000000,
0.0000001189000000,0.0713600000000000,0.0919000000000000,
0.0000001194000000,0.0160400000000000,-0.0307000000000000,
0.0000001200000000,-0.0408700000000000,0.0157100000000000,
0.0000001204000000,-0.0647200000000000,-0.0854500000000000,
0.0000001209000000,-0.0559000000000000,0.0082440000000000,
0.0000001215000000,-0.0204700000000000,-0.0550700000000000,
0.0000001221000000,0.0206200000000000,0.0532700000000000,
0.0000001227000000,0.0437900000000000,-0.0165900000000000,
0.0000001234000000,0.0316900000000000,0.0646700000000000,
0.0000001240000000,-0.0000568900000000,-0.0430800000000000,
0.0000001247000000,-0.0283300000000000,0.0254200000000000,
0.0000001254000000,-0.0282100000000000,-0.0612500000000000,
0.0000001260000000,-0.0070800000000000,0.0388800000000000,
0.0000001265000000,0.0102400000000000,-0.0382400000000000,
0.0000001267000000,0.0177000000000000,0.0542500000000000,
0.0000001274000000,0.0232600000000000,-0.0291800000000000,
0.0000001280000000,0.0106500000000000,0.0512800000000000,
0.0000001288000000,-0.0095510000000000,-0.0499600000000000,
0.0000001297000000,-0.0167600000000000,0.0334100000000000,
0.0000001304000000,-0.0055840000000000,-0.0478000000000000,
0.0000001313000000,0.0093330000000000,0.0496300000000000,
0.0000001323000000,0.0092530000000000,-0.0380100000000000,
0.0000001333000000,-0.0029460000000000,0.0423700000000000,
0.0000001342000000,-0.0093080000000000,-0.0499900000000000,
0.0000001353000000,0.0011890000000000,0.0447200000000000,
0.0000001365000000,0.0076500000000000,-0.0393500000000000,
0.0000001379000000,-0.0014500000000000,0.0434500000000000,
0.0000001391000000,-0.0062360000000000,-0.0482100000000000,
0.0000001408000000,0.0016070000000000,0.0451800000000000,
0.0000001423000000,0.0038330000000000,-0.0418100000000000,
0.0000001442000000,-0.0037050000000000,0.0420000000000000,
0.0000001461000000,-0.0013120000000000,-0.0451900000000000,
0.0000001481000000,0.0028900000000000,0.0461300000000000,
0.0000001492000000,-0.0001225000000000,-0.0443300000000000,
0.0000001514000000,-0.0002762000000000,0.0441200000000000,
0.0000001538000000,0.0000752800000000,-0.0442700000000000,
0.0000001550000000,-0.0007597000000000,0.0438800000000000,
0.0000001550000000,-0.0007578000000000,-0.0488600000000000,
0.0000001550000000,-0.0007484000000000,0.0466800000000000,
0.0000001550000000,-0.0007298000000000,-0.0472600000000000,
0.0000001550000000,-0.0007262000000000,-0.0009808000000000,
0.0000001550000000,-0.0007096000000000,-0.0004674000000000,
0.0000001550000000,-0.0007085000000000,-0.0004596000000000,
0.0000001550000000,-0.0007029000000000,-0.0004497000000000,
0.0000001550000000,-0.0006890000000000,-0.0004295000000000,
0.0000001550000000,-0.0006737000000000,-0.0004135000000000,
0.0000001550000000,-0.0006495000000000,-0.0003924000000000,
0.0000001551000000,-0.0005911000000000,-0.0003527000000000,
0.0000001551000000,-0.0005798000000000,-0.0003451000000000,
0.0000001551000000,-0.0005711000000000,-0.0003396000000000,
0.0000001551000000,-0.0005699000000000,-0.0003389000000000,
0.0000001551000000,-0.0005641000000000,-0.0003352000000000,
0.0000001551000000,-0.0005425000000000,-0.0003224000000000,
0.0000001551000000,-0.0005415000000000,-0.0003218000000000,
0.0000001551000000,-0.0005364000000000,-0.0003187000000000,
0.0000001551000000,-0.0005207000000000,-0.0003095000000000,
0.0000001551000000,-0.0005190000000000,-0.0003085000000000,
0.0000001551000000,-0.0005107000000000,-0.0003036000000000,
0.0000001551000000,-0.0005045000000000,-0.0003000000000000,
0.0000001551000000,-0.0004872000000000,-0.0002899000000000,
0.0000001552000000,-0.0004671000000000,-0.0002781000000000,
0.0000001552000000,-0.0004620000000000,-0.0002751000000000,
0.0000001552000000,-0.0004526000000000,-0.0002696000000000,
0.0000001552000000,-0.0004433000000000,-0.0002642000000000,
0.0000001552000000,-0.0003979000000000,-0.0002378000000000,
0.0000001553000000,-0.0002718000000000,-0.0001642000000000,
0.0000001555000000,-0.0000685500000000,-0.0000441100000000,
0.0000001559000000,0.0002830000000000,0.0001707000000000,
0.0000001567000000,0.0003371000000000,0.0002092000000000,
0.0000001581000000,0.0002199000000000,0.0001439000000000,
0.0000001585000000,-0.0000247400000000,-0.0000086400000000,
0.0000001594000000,-0.0002867000000000,-0.0001753000000000,
0.0000001615000000,0.0001795000000000,0.0001110000000000,
0.0000001618000000,0.0002174000000000,0.0001355000000000,
0.0000001622000000,0.0001522000000000,0.0000967000000000,
0.0000001625000000,0.0000512900000000,0.0000350500000000,
0.0000001642000000,-0.0001161000000000,-0.0000703700000000,
0.0000001681000000,-0.0001194000000000,-0.0000738300000000,
0.0000001684000000,-0.0001224000000000,-0.0000756800000000,
0.0000001696000000,0.0004552000000000,0.0002868000000000,
0.0000001736000000,-0.0003101000000000,-0.0001888000000000,
0.0000001760000000,-0.0002920000000000,-0.0001828000000000,
0.0000001765000000,-0.0002271000000000,-0.0001430000000000,
0.0000001767000000,-0.0001368000000000,-0.0000876000000000,
0.0000001780000000,0.0002364000000000,0.0001469000000000,
0.0000001828000000,-0.0001001000000000,-0.0000571600000000,
0.0000001842000000,-0.0003016000000000,-0.0001876000000000,
0.0000001916000000,0.0005256000000000,0.0003306000000000,
0.0000001992000000,-0.0009288000000000,-0.0005808000000000,
0.0000002038000000,0.0015310000000000,0.0009569000000000,
0.0000002050000000,-0.0004668000000000,-0.0002721000000000,
0.0000002050000000,-0.0004018000000000,-0.0002259000000000,
0.0000002050000000,0.0005521000000000,0.0004735000000000,
0.0000002050000000,0.0023170000000000,0.0017420000000000,
0.0000002050000000,0.0090260000000000,0.0064470000000000,
0.0000002050000000,0.0185000000000000,0.0130000000000000,
0.0000002050000000,0.0306500000000000,0.0213200000000000,
0.0000002050000000,0.0651500000000000,0.0446200000000000,
0.0000002050000000,0.0801500000000000,0.0547200000000000,
0.0000002050000000,0.1459000000000000,0.0975900000000000,
0.0000002050000000,0.1625000000000000,0.1080000000000000,
0.0000002050000000,0.1937000000000000,0.1269000000000000,
0.0000002050000000,0.2221000000000000,0.1439000000000000,
0.0000002050000000,0.2097000000000000,0.1333000000000000,
0.0000002050000000,0.1989000000000000,0.1257000000000000,
0.0000002050000000,0.1830000000000000,0.1148000000000000,
0.0000002051000000,0.1558000000000000,0.0966100000000000,
0.0000002051000000,0.1221000000000000,0.0743300000000000,
0.0000002051000000,0.0231300000000000,0.0095570000000000,
0.0000002051000000,-0.0360600000000000,-0.0290400000000000,
0.0000002051000000,-0.0867800000000000,-0.0615200000000000,
0.0000002051000000,-0.0939400000000000,-0.0662300000000000,
0.0000002051000000,-0.1301000000000000,-0.0892600000000000,
0.0000002051000000,-0.2821000000000000,-0.1854000000000000,
0.0000002051000000,-0.2896000000000000,-0.1895000000000000,
0.0000002051000000,-0.3272000000000000,-0.2131000000000000,
0.0000002051000000,-0.4460000000000000,-0.2845000000000000,
0.0000002051000000,-0.4588000000000000,-0.2918000000000000,
0.0000002051000000,-0.5216000000000000,-0.3281000000000000,
0.0000002051000000,-0.5683000000000000,-0.3535000000000000,
0.0000002051000000,-0.6948000000000000,-0.4182000000000000,
0.0000002052000000,-0.8270000000000000,-0.4603000000000000,
0.0000002052000000,-0.8585000000000000,-0.4459000000000000,
0.0000002052000000,-0.9124000000000000,-0.4146000000000000,
0.0000002052000000,-0.9614000000000000,-0.3772000000000000,
0.0000002052000000,-1.1410000000000000,-0.2648000000000000,
0.0000002053000000,-1.2300000000000000,0.0869800000000000,
0.0000002053000000,-1.2600000000000000,-0.0477900000000000,
0.0000002053000000,-1.2690000000000000,0.0353100000000000,
0.0000002053000000,-1.2700000000000000,0.0208600000000000,
0.0000002054000000,-1.2700000000000000,0.0012110000000000,
0.0000002054000000,-1.2680000000000000,0.0028480000000000,
0.0000002054000000,-1.2600000000000000,0.0015050000000000,
0.0000002054000000,-1.2390000000000000,0.0013800000000000,
0.0000002055000000,-1.2130000000000000,0.0012030000000000,
0.0000002055000000,-1.1990000000000000,0.0014030000000000,
0.0000002056000000,-1.1500000000000000,0.0011130000000000,
0.0000002057000000,-1.0930000000000000,0.0010250000000000,
0.0000002059000000,-1.0320000000000000,0.0009600000000000,
0.0000002060000000,-0.9747000000000000,0.0005357000000000,
0.0000002062000000,-0.9113000000000000,0.0004095000000000,
0.0000002065000000,-0.8302000000000000,0.0003045000000000,
0.0000002067000000,-0.7825000000000000,0.0001112000000000,
0.0000002072000000,-0.6459000000000000,0.0003206000000000,
0.0000002078000000,-0.4974000000000000,-0.0001035000000000,
0.0000002081000000,-0.4129000000000000,0.0000393900000000,
0.0000002089000000,-0.1824000000000000,0.0002975000000000,
0.0000002097000000,0.0015550000000000,0.0036530000000000,
0.0000002103000000,0.0957400000000000,0.0346300000000000,
0.0000002109000000,0.1247000000000000,0.0870200000000000,
0.0000002113000000,0.0918900000000000,0.0598200000000000,
0.0000002115000000,0.0623500000000000,0.0497200000000000,
0.0000002118000000,0.0078400000000000,0.0013940000000000,
0.0000002122000000,-0.0469000000000000,-0.0267100000000000,
0.0000002125000000,-0.0780000000000000,-0.0578800000000000,
0.0000002129000000,-0.0871900000000000,-0.0518000000000000,
0.0000002132000000,-0.0723900000000000,-0.0516800000000000,
0.0000002136000000,-0.0364400000000000,-0.0169500000000000,
0.0000002141000000,0.0096470000000000,-0.0018840000000000,
0.0000002142000000,0.0181700000000000,0.0149600000000000,
0.0000002146000000,0.0497600000000000,0.0227600000000000,
0.0000002151000000,0.0597700000000000,0.0456400000000000,
0.0000002156000000,0.0402300000000000,0.0212200000000000,
0.0000002161000000,0.0044310000000000,0.0104500000000000,
0.0000002166000000,-0.0325000000000000,-0.0280300000000000,
0.0000002172000000,-0.0426400000000000,-0.0210900000000000,
0.0000002177000000,-0.0284000000000000,-0.0254400000000000,
0.0000002181000000,-0.0049620000000000,0.0028070000000000,
0.0000002184000000,0.0084870000000000,-0.0024060000000000,
0.0000002190000000,0.0280100000000000,0.0246000000000000,
0.0000002196000000,0.0245000000000000,0.0097180000000000,
0.0000002196000000,0.0238800000000000,0.0233400000000000,
0.0000002198000000,0.0198400000000000,0.0062340000000000,
0.0000002202000000,0.0015910000000000,0.0089370000000000,
0.0000002207000000,-0.0151200000000000,-0.0171100000000000,
0.0000002214000000,-0.0212200000000000,-0.0065140000000000,
0.0000002221000000,-0.0093480000000000,-0.0137700000000000,
0.0000002228000000,0.0097740000000000,0.0133500000000000,
0.0000002236000000,0.0155600000000000,0.0028540000000000,
0.0000002245000000,0.0021090000000000,0.0091320000000000,
0.0000002254000000,-0.0113700000000000,-0.0148600000000000,
0.0000002260000000,-0.0100700000000000,0.0008657000000000,
0.0000002265000000,-0.0046610000000000,-0.0107700000000000,
0.0000002267000000,-0.0007699000000000,0.0068640000000000,
0.0000002278000000,0.0080990000000000,-0.0023750000000000,
0.0000002280000000,0.0080670000000000,0.0129400000000000,
0.0000002289000000,0.0007423000000000,-0.0070240000000000,
0.0000002299000000,-0.0063950000000000,0.0035380000000000,
0.0000002311000000,-0.0017280000000000,-0.0088990000000000,
0.0000002323000000,0.0049370000000000,0.0108100000000000,
0.0000002328000000,0.0048610000000000,-0.0044610000000000,
0.0000002341000000,-0.0028070000000000,0.0059390000000000,
0.0000002342000000,-0.0036080000000000,-0.0100300000000000,
0.0000002349000000,-0.0060330000000000,0.0038320000000000,
0.0000002361000000,-0.0010850000000000,-0.0085560000000000,
0.0000002375000000,0.0051470000000000,0.0110800000000000,
0.0000002392000000,-0.0007139000000000,-0.0081210000000000,
0.0000002408000000,-0.0032500000000000,0.0056040000000000,
0.0000002416000000,-0.0001144000000000,-0.0079070000000000,
0.0000002434000000,0.0007062000000000,0.0082480000000000,
0.0000002454000000,-0.0006015000000000,-0.0081430000000000,
0.0000002478000000,0.0005387000000000,0.0080890000000000,
0.0000002492000000,0.0001845000000000,-0.0076320000000000,
0.0000002530000000,-0.0017450000000000,0.0066340000000000,
0.0000002538000000,0.0006085000000000,-0.0074340000000000,
0.0000002550000000,0.0020370000000000,0.0091130000000000,
0.0000002550000000,0.0020330000000000,-0.0141900000000000,
0.0000002550000000,0.0020290000000000,0.0147800000000000,
0.0000002550000000,0.0020160000000000,-0.0118700000000000,
0.0000002550000000,0.0019990000000000,0.0012310000000000,
0.0000002550000000,0.0019830000000000,0.0012790000000000,
0.0000002550000000,0.0019760000000000,0.0012750000000000,
0.0000002550000000,0.0019430000000000,0.0012550000000000,
0.0000002550000000,0.0019330000000000,0.0012490000000000,
0.0000002550000000,0.0019050000000000,0.0012320000000000,
0.0000002550000000,0.0018720000000000,0.0012120000000000,
0.0000002550000000,0.0018200000000000,0.0011790000000000,
0.0000002550000000,0.0017990000000000,0.0011670000000000,
0.0000002550000000,0.0017790000000000,0.0011540000000000,
0.0000002551000000,0.0017540000000000,0.0011390000000000,
0.0000002551000000,0.0017310000000000,0.0011240000000000,
0.0000002551000000,0.0016780000000000,0.0010920000000000,
0.0000002551000000,0.0016530000000000,0.0010760000000000,
0.0000002551000000,0.0016340000000000,0.0010640000000000,
0.0000002551000000,0.0016310000000000,0.0010630000000000,
0.0000002551000000,0.0016170000000000,0.0010540000000000,
0.0000002551000000,0.0015660000000000,0.0010220000000000,
0.0000002551000000,0.0015630000000000,0.0010210000000000,
0.0000002551000000,0.0015510000000000,0.0010130000000000,
0.0000002551000000,0.0014920000000000,0.0009763000000000,
0.0000002552000000,0.0013140000000000,0.0008662000000000,
0.0000002552000000,0.0011930000000000,0.0007907000000000,
0.0000002553000000,0.0010700000000000,0.0007143000000000,
0.0000002553000000,0.0009609000000000,0.0006461000000000,
0.0000002553000000,0.0008633000000000,0.0005850000000000,
0.0000002553000000,0.0008563000000000,0.0005806000000000,
0.0000002554000000,0.0008211000000000,0.0005585000000000,
0.0000002554000000,0.0007653000000000,0.0005233000000000,
0.0000002554000000,0.0006985000000000,0.0004813000000000,
0.0000002554000000,0.0005529000000000,0.0003893000000000,
0.0000002555000000,0.0004065000000000,0.0002963000000000,
0.0000002555000000,0.0003286000000000,0.0002468000000000,
0.0000002557000000,-0.0000627000000000,-0.0000043600000000,
0.0000002559000000,-0.0005803000000000,-0.0003405000000000,
0.0000002560000000,-0.0009477000000000,-0.0005812000000000,
0.0000002562000000,-0.0013070000000000,-0.0008208000000000,
0.0000002565000000,-0.0014420000000000,-0.0009202000000000,
0.0000002567000000,-0.0014010000000000,-0.0009012000000000,
0.0000002572000000,-0.0009706000000000,-0.0006359000000000,
0.0000002578000000,-0.0003391000000000,-0.0002365000000000,
0.0000002581000000,0.0000901200000000,0.0000414800000000,
0.0000002597000000,0.0002966000000000,0.0001968000000000,
0.0000002613000000,-0.0000978700000000,-0.0000591100000000,
0.0000002651000000,-0.0005220000000000,-0.0003404000000000,
0.0000002677000000,-0.0000226900000000,-0.0000165200000000,
0.0000002684000000,0.0000759700000000,0.0000480500000000,
0.0000002696000000,-0.0004030000000000,-0.0002559000000000,
0.0000002698000000,-0.0004986000000000,-0.0003166000000000,
0.0000002705000000,-0.0005079000000000,-0.0003274000000000,
0.0000002707000000,-0.0004117000000000,-0.0002677000000000,
0.0000002716000000,-0.0000072440000000,-0.0000092300000000,
0.0000002736000000,0.0002571000000000,0.0001670000000000,
0.0000002760000000,-0.0001613000000000,-0.0001022000000000,
0.0000002765000000,-0.0002220000000000,-0.0001416000000000,
0.0000002767000000,-0.0002387000000000,-0.0001529000000000,
0.0000002778000000,-0.0001915000000000,-0.0001247000000000,
0.0000002780000000,-0.0001407000000000,-0.0000924800000000,
0.0000002789000000,-0.0001834000000000,-0.0001188000000000,
0.0000002823000000,-0.0000296800000000,-0.0000191200000000,
0.0000002828000000,-0.0000084170000000,-0.0000053300000000,
0.0000002841000000,-0.0001713000000000,-0.0001095000000000,
0.0000002842000000,-0.0001867000000000,-0.0001192000000000,
0.0000002849000000,-0.0005975000000000,-0.0003808000000000,
0.0000002875000000,0.0000545600000000,0.0000296900000000,
0.0000002908000000,0.0001063000000000,0.0000682200000000,
0.0000002916000000,0.0000563900000000,0.0000379200000000,
0.0000002934000000,-0.0006686000000000,-0.0004254000000000,
0.0000002954000000,0.0002508000000000,0.0001530000000000,
0.0000002977000000,0.0001513000000000,0.0000970000000000,
0.0000002978000000,0.0001426000000000,0.0000919600000000,
0.0000002984000000,0.0000466000000000,0.0000325600000000,
0.0000002992000000,-0.0000991700000000,-0.0000604200000000,
0.0000002992000000,-0.0001041000000000,-0.0000637200000000,
0.0000002994000000,-0.0002337000000000,-0.0001467000000000,
0.0000003000000000,-0.0006728000000000,-0.0004258000000000,
